Circuit,Crate,U_DIODE_RB,#Diode_circuit
RB.A12,B8L2,MB.A8L2,1
RB.A12,B10L2,MB.A9L2,2
RB.A12,B10L2,MB.A10L2,3
RB.A12,B10L2,MB.A11L2,4
RB.A12,B12L2,MB.A12L2,5
RB.A12,B12L2,MB.C12L2,6
RB.A12,B12L2,MB.B13L2,7
RB.A12,B14L2,MB.A14L2,8
RB.A12,B14L2,MB.C14L2,9
RB.A12,B14L2,MB.B15L2,10
RB.A12,B16L2,MB.A16L2,11
RB.A12,B16L2,MB.C16L2,12
RB.A12,B16L2,MB.B17L2,13
RB.A12,B18L2,MB.A18L2,14
RB.A12,B18L2,MB.C18L2,15
RB.A12,B18L2,MB.B19L2,16
RB.A12,B20L2,MB.A20L2,17
RB.A12,B20L2,MB.C20L2,18
RB.A12,B20L2,MB.B21L2,19
RB.A12,B22L2,MB.A22L2,20
RB.A12,B22L2,MB.C22L2,21
RB.A12,B22L2,MB.B23L2,22
RB.A12,B24L2,MB.A24L2,23
RB.A12,B24L2,MB.C24L2,24
RB.A12,B24L2,MB.B25L2,25
RB.A12,B26L2,MB.A26L2,26
RB.A12,B26L2,MB.C26L2,27
RB.A12,B26L2,MB.B27L2,28
RB.A12,B28L2,MB.A28L2,29
RB.A12,B28L2,MB.C28L2,30
RB.A12,B28L2,MB.B29L2,31
RB.A12,B30L2,MB.A30L2,32
RB.A12,B30L2,MB.C30L2,33
RB.A12,B30L2,MB.B31L2,34
RB.A12,B32L2,MB.A32L2,35
RB.A12,B32L2,MB.C32L2,36
RB.A12,B32L2,MB.B33L2,37
RB.A12,B34L2,MB.A34L2,38
RB.A12,B34L2,MB.C34L2,39
RB.A12,B34L2,MB.B34R1,40
RB.A12,B33R1,MB.C33R1,41
RB.A12,B33R1,MB.A33R1,42
RB.A12,B33R1,MB.B32R1,43
RB.A12,B31R1,MB.C31R1,44
RB.A12,B31R1,MB.A31R1,45
RB.A12,B31R1,MB.B30R1,46
RB.A12,B29R1,MB.C29R1,47
RB.A12,B29R1,MB.A29R1,48
RB.A12,B29R1,MB.B28R1,49
RB.A12,B27R1,MB.C27R1,50
RB.A12,B27R1,MB.A27R1,51
RB.A12,B27R1,MB.B26R1,52
RB.A12,B25R1,MB.C25R1,53
RB.A12,B25R1,MB.A25R1,54
RB.A12,B25R1,MB.B24R1,55
RB.A12,B23R1,MB.C23R1,56
RB.A12,B23R1,MB.A23R1,57
RB.A12,B23R1,MB.B22R1,58
RB.A12,B21R1,MB.C21R1,59
RB.A12,B21R1,MB.A21R1,60
RB.A12,B21R1,MB.B20R1,61
RB.A12,B19R1,MB.C19R1,62
RB.A12,B19R1,MB.A19R1,63
RB.A12,B19R1,MB.B18R1,64
RB.A12,B17R1,MB.C17R1,65
RB.A12,B17R1,MB.A17R1,66
RB.A12,B17R1,MB.B16R1,67
RB.A12,B15R1,MB.C15R1,68
RB.A12,B15R1,MB.A15R1,69
RB.A12,B15R1,MB.B14R1,70
RB.A12,B13R1,MB.C13R1,71
RB.A12,B13R1,MB.A13R1,72
RB.A12,B13R1,MB.B12R1,73
RB.A12,B11R1,MB.B11R1,74
RB.A12,B11R1,MB.B10R1,75
RB.A12,B11R1,MB.B9R1,76
RB.A12,B9R1,MB.B8R1,77
RB.A12,B8R1,MB.A8R1,78
RB.A12,B10R1,MB.A9R1,79
RB.A12,B10R1,MB.A10R1,80
RB.A12,B10R1,MB.A11R1,81
RB.A12,B12R1,MB.A12R1,82
RB.A12,B12R1,MB.C12R1,83
RB.A12,B12R1,MB.B13R1,84
RB.A12,B14R1,MB.A14R1,85
RB.A12,B14R1,MB.C14R1,86
RB.A12,B14R1,MB.B15R1,87
RB.A12,B16R1,MB.A16R1,88
RB.A12,B16R1,MB.C16R1,89
RB.A12,B16R1,MB.B17R1,90
RB.A12,B18R1,MB.A18R1,91
RB.A12,B18R1,MB.C18R1,92
RB.A12,B18R1,MB.B19R1,93
RB.A12,B20R1,MB.A20R1,94
RB.A12,B20R1,MB.C20R1,95
RB.A12,B20R1,MB.B21R1,96
RB.A12,B22R1,MB.A22R1,97
RB.A12,B22R1,MB.C22R1,98
RB.A12,B22R1,MB.B23R1,99
RB.A12,B24R1,MB.A24R1,100
RB.A12,B24R1,MB.C24R1,101
RB.A12,B24R1,MB.B25R1,102
RB.A12,B26R1,MB.A26R1,103
RB.A12,B26R1,MB.C26R1,104
RB.A12,B26R1,MB.B27R1,105
RB.A12,B28R1,MB.A28R1,106
RB.A12,B28R1,MB.C28R1,107
RB.A12,B28R1,MB.B29R1,108
RB.A12,B30R1,MB.A30R1,109
RB.A12,B30R1,MB.C30R1,110
RB.A12,B30R1,MB.B31R1,111
RB.A12,B32R1,MB.A32R1,112
RB.A12,B32R1,MB.C32R1,113
RB.A12,B32R1,MB.B33R1,114
RB.A12,B34R1,MB.A34R1,115
RB.A12,B34R1,MB.C34R1,116
RB.A12,B34R1,MB.B34L2,117
RB.A12,B33L2,MB.C33L2,118
RB.A12,B33L2,MB.A33L2,119
RB.A12,B33L2,MB.B32L2,120
RB.A12,B31L2,MB.C31L2,121
RB.A12,B31L2,MB.A31L2,122
RB.A12,B31L2,MB.B30L2,123
RB.A12,B29L2,MB.C29L2,124
RB.A12,B29L2,MB.A29L2,125
RB.A12,B29L2,MB.B28L2,126
RB.A12,B27L2,MB.C27L2,127
RB.A12,B27L2,MB.A27L2,128
RB.A12,B27L2,MB.B26L2,129
RB.A12,B25L2,MB.C25L2,130
RB.A12,B25L2,MB.A25L2,131
RB.A12,B25L2,MB.B24L2,132
RB.A12,B23L2,MB.C23L2,133
RB.A12,B23L2,MB.A23L2,134
RB.A12,B23L2,MB.B22L2,135
RB.A12,B21L2,MB.C21L2,136
RB.A12,B21L2,MB.A21L2,137
RB.A12,B21L2,MB.B20L2,138
RB.A12,B19L2,MB.C19L2,139
RB.A12,B19L2,MB.A19L2,140
RB.A12,B19L2,MB.B18L2,141
RB.A12,B17L2,MB.C17L2,142
RB.A12,B17L2,MB.A17L2,143
RB.A12,B17L2,MB.B16L2,144
RB.A12,B15L2,MB.C15L2,145
RB.A12,B15L2,MB.A15L2,146
RB.A12,B15L2,MB.B14L2,147
RB.A12,B13L2,MB.C13L2,148
RB.A12,B13L2,MB.A13L2,149
RB.A12,B13L2,MB.B12L2,150
RB.A12,B11L2,MB.B11L2,151
RB.A12,B11L2,MB.B10L2,152
RB.A12,B11L2,MB.B9L2,153
RB.A12,B9L2,MB.B8L2,154
RB.A23,B9R2,MB.B8R2,1
RB.A23,B11R2,MB.B9R2,2
RB.A23,B11R2,MB.B10R2,3
RB.A23,B11R2,MB.B11R2,4
RB.A23,B13R2,MB.B12R2,5
RB.A23,B13R2,MB.A13R2,6
RB.A23,B13R2,MB.C13R2,7
RB.A23,B15R2,MB.B14R2,8
RB.A23,B15R2,MB.A15R2,9
RB.A23,B15R2,MB.C15R2,10
RB.A23,B17R2,MB.B16R2,11
RB.A23,B17R2,MB.A17R2,12
RB.A23,B17R2,MB.C17R2,13
RB.A23,B19R2,MB.B18R2,14
RB.A23,B19R2,MB.A19R2,15
RB.A23,B19R2,MB.C19R2,16
RB.A23,B21R2,MB.B20R2,17
RB.A23,B21R2,MB.A21R2,18
RB.A23,B21R2,MB.C21R2,19
RB.A23,B23R2,MB.B22R2,20
RB.A23,B23R2,MB.A23R2,21
RB.A23,B23R2,MB.C23R2,22
RB.A23,B25R2,MB.B24R2,23
RB.A23,B25R2,MB.A25R2,24
RB.A23,B25R2,MB.C25R2,25
RB.A23,B27R2,MB.B26R2,26
RB.A23,B27R2,MB.A27R2,27
RB.A23,B27R2,MB.C27R2,28
RB.A23,B29R2,MB.B28R2,29
RB.A23,B29R2,MB.A29R2,30
RB.A23,B29R2,MB.C29R2,31
RB.A23,B31R2,MB.B30R2,32
RB.A23,B31R2,MB.A31R2,33
RB.A23,B31R2,MB.C31R2,34
RB.A23,B33R2,MB.B32R2,35
RB.A23,B33R2,MB.A33R2,36
RB.A23,B33R2,MB.C33R2,37
RB.A23,B34L3,MB.B34R2,38
RB.A23,B34L3,MB.C34L3,39
RB.A23,B34L3,MB.A34L3,40
RB.A23,B32L3,MB.B33L3,41
RB.A23,B32L3,MB.C32L3,42
RB.A23,B32L3,MB.A32L3,43
RB.A23,B30L3,MB.B31L3,44
RB.A23,B30L3,MB.C30L3,45
RB.A23,B30L3,MB.A30L3,46
RB.A23,B28L3,MB.B29L3,47
RB.A23,B28L3,MB.C28L3,48
RB.A23,B28L3,MB.A28L3,49
RB.A23,B26L3,MB.B27L3,50
RB.A23,B26L3,MB.C26L3,51
RB.A23,B26L3,MB.A26L3,52
RB.A23,B24L3,MB.B25L3,53
RB.A23,B24L3,MB.C24L3,54
RB.A23,B24L3,MB.A24L3,55
RB.A23,B22L3,MB.B23L3,56
RB.A23,B22L3,MB.C22L3,57
RB.A23,B22L3,MB.A22L3,58
RB.A23,B20L3,MB.B21L3,59
RB.A23,B20L3,MB.C20L3,60
RB.A23,B20L3,MB.A20L3,61
RB.A23,B18L3,MB.B19L3,62
RB.A23,B18L3,MB.C18L3,63
RB.A23,B18L3,MB.A18L3,64
RB.A23,B16L3,MB.B17L3,65
RB.A23,B16L3,MB.C16L3,66
RB.A23,B16L3,MB.A16L3,67
RB.A23,B14L3,MB.B15L3,68
RB.A23,B14L3,MB.C14L3,69
RB.A23,B14L3,MB.A14L3,70
RB.A23,B12L3,MB.B13L3,71
RB.A23,B12L3,MB.C12L3,72
RB.A23,B12L3,MB.A12L3,73
RB.A23,B10L3,MB.A11L3,74
RB.A23,B10L3,MB.A10L3,75
RB.A23,B10L3,MB.A9L3,76
RB.A23,B8L3,MB.A8L3,77
RB.A23,B9L3,MB.B8L3,78
RB.A23,B11L3,MB.B9L3,79
RB.A23,B11L3,MB.B10L3,80
RB.A23,B11L3,MB.B11L3,81
RB.A23,B13L3,MB.B12L3,82
RB.A23,B13L3,MB.A13L3,83
RB.A23,B13L3,MB.C13L3,84
RB.A23,B15L3,MB.B14L3,85
RB.A23,B15L3,MB.A15L3,86
RB.A23,B15L3,MB.C15L3,87
RB.A23,B17L3,MB.B16L3,88
RB.A23,B17L3,MB.A17L3,89
RB.A23,B17L3,MB.C17L3,90
RB.A23,B19L3,MB.B18L3,91
RB.A23,B19L3,MB.A19L3,92
RB.A23,B19L3,MB.C19L3,93
RB.A23,B21L3,MB.B20L3,94
RB.A23,B21L3,MB.A21L3,95
RB.A23,B21L3,MB.C21L3,96
RB.A23,B23L3,MB.B22L3,97
RB.A23,B23L3,MB.A23L3,98
RB.A23,B23L3,MB.C23L3,99
RB.A23,B25L3,MB.B24L3,100
RB.A23,B25L3,MB.A25L3,101
RB.A23,B25L3,MB.C25L3,102
RB.A23,B27L3,MB.B26L3,103
RB.A23,B27L3,MB.A27L3,104
RB.A23,B27L3,MB.C27L3,105
RB.A23,B29L3,MB.B28L3,106
RB.A23,B29L3,MB.A29L3,107
RB.A23,B29L3,MB.C29L3,108
RB.A23,B31L3,MB.B30L3,109
RB.A23,B31L3,MB.A31L3,110
RB.A23,B31L3,MB.C31L3,111
RB.A23,B33L3,MB.B32L3,112
RB.A23,B33L3,MB.A33L3,113
RB.A23,B33L3,MB.C33L3,114
RB.A23,B34R2,MB.B34L3,115
RB.A23,B34R2,MB.C34R2,116
RB.A23,B34R2,MB.A34R2,117
RB.A23,B32R2,MB.B33R2,118
RB.A23,B32R2,MB.C32R2,119
RB.A23,B32R2,MB.A32R2,120
RB.A23,B30R2,MB.B31R2,121
RB.A23,B30R2,MB.C30R2,122
RB.A23,B30R2,MB.A30R2,123
RB.A23,B28R2,MB.B29R2,124
RB.A23,B28R2,MB.C28R2,125
RB.A23,B28R2,MB.A28R2,126
RB.A23,B26R2,MB.B27R2,127
RB.A23,B26R2,MB.C26R2,128
RB.A23,B26R2,MB.A26R2,129
RB.A23,B24R2,MB.B25R2,130
RB.A23,B24R2,MB.C24R2,131
RB.A23,B24R2,MB.A24R2,132
RB.A23,B22R2,MB.B23R2,133
RB.A23,B22R2,MB.C22R2,134
RB.A23,B22R2,MB.A22R2,135
RB.A23,B20R2,MB.B21R2,136
RB.A23,B20R2,MB.C20R2,137
RB.A23,B20R2,MB.A20R2,138
RB.A23,B18R2,MB.B19R2,139
RB.A23,B18R2,MB.C18R2,140
RB.A23,B18R2,MB.A18R2,141
RB.A23,B16R2,MB.B17R2,142
RB.A23,B16R2,MB.C16R2,143
RB.A23,B16R2,MB.A16R2,144
RB.A23,B14R2,MB.B15R2,145
RB.A23,B14R2,MB.C14R2,146
RB.A23,B14R2,MB.A14R2,147
RB.A23,B12R2,MB.B13R2,148
RB.A23,B12R2,MB.C12R2,149
RB.A23,B12R2,MB.A12R2,150
RB.A23,B10R2,MB.A11R2,151
RB.A23,B10R2,MB.A10R2,152
RB.A23,B10R2,MB.A9R2,153
RB.A23,B8R2,MB.A8R2,154
RB.A34,B9L4,MB.B8L4,1
RB.A34,B11L4,MB.B9L4,2
RB.A34,B11L4,MB.B10L4,3
RB.A34,B11L4,MB.B11L4,4
RB.A34,B13L4,MB.B12L4,5
RB.A34,B13L4,MB.A13L4,6
RB.A34,B13L4,MB.C13L4,7
RB.A34,B15L4,MB.B14L4,8
RB.A34,B15L4,MB.A15L4,9
RB.A34,B15L4,MB.C15L4,10
RB.A34,B17L4,MB.B16L4,11
RB.A34,B17L4,MB.A17L4,12
RB.A34,B17L4,MB.C17L4,13
RB.A34,B19L4,MB.B18L4,14
RB.A34,B19L4,MB.A19L4,15
RB.A34,B19L4,MB.C19L4,16
RB.A34,B21L4,MB.B20L4,17
RB.A34,B21L4,MB.A21L4,18
RB.A34,B21L4,MB.C21L4,19
RB.A34,B23L4,MB.B22L4,20
RB.A34,B23L4,MB.A23L4,21
RB.A34,B23L4,MB.C23L4,22
RB.A34,B25L4,MB.B24L4,23
RB.A34,B25L4,MB.A25L4,24
RB.A34,B25L4,MB.C25L4,25
RB.A34,B27L4,MB.B26L4,26
RB.A34,B27L4,MB.A27L4,27
RB.A34,B27L4,MB.C27L4,28
RB.A34,B29L4,MB.B28L4,29
RB.A34,B29L4,MB.A29L4,30
RB.A34,B29L4,MB.C29L4,31
RB.A34,B31L4,MB.B30L4,32
RB.A34,B31L4,MB.A31L4,33
RB.A34,B31L4,MB.C31L4,34
RB.A34,B33L4,MB.B32L4,35
RB.A34,B33L4,MB.A33L4,36
RB.A34,B33L4,MB.C33L4,37
RB.A34,B34R3,MB.B34L4,38
RB.A34,B34R3,MB.C34R3,39
RB.A34,B34R3,MB.A34R3,40
RB.A34,B32R3,MB.B33R3,41
RB.A34,B32R3,MB.C32R3,42
RB.A34,B32R3,MB.A32R3,43
RB.A34,B30R3,MB.B31R3,44
RB.A34,B30R3,MB.C30R3,45
RB.A34,B30R3,MB.A30R3,46
RB.A34,B28R3,MB.B29R3,47
RB.A34,B28R3,MB.C28R3,48
RB.A34,B28R3,MB.A28R3,49
RB.A34,B26R3,MB.B27R3,50
RB.A34,B26R3,MB.C26R3,51
RB.A34,B26R3,MB.A26R3,52
RB.A34,B24R3,MB.B25R3,53
RB.A34,B24R3,MB.C24R3,54
RB.A34,B24R3,MB.A24R3,55
RB.A34,B22R3,MB.B23R3,56
RB.A34,B22R3,MB.C22R3,57
RB.A34,B22R3,MB.A22R3,58
RB.A34,B20R3,MB.B21R3,59
RB.A34,B20R3,MB.C20R3,60
RB.A34,B20R3,MB.A20R3,61
RB.A34,B18R3,MB.B19R3,62
RB.A34,B18R3,MB.C18R3,63
RB.A34,B18R3,MB.A18R3,64
RB.A34,B16R3,MB.B17R3,65
RB.A34,B16R3,MB.C16R3,66
RB.A34,B16R3,MB.A16R3,67
RB.A34,B14R3,MB.B15R3,68
RB.A34,B14R3,MB.C14R3,69
RB.A34,B14R3,MB.A14R3,70
RB.A34,B12R3,MB.B13R3,71
RB.A34,B12R3,MB.C12R3,72
RB.A34,B12R3,MB.A12R3,73
RB.A34,B10R3,MB.A11R3,74
RB.A34,B10R3,MB.A10R3,75
RB.A34,B10R3,MB.A9R3,76
RB.A34,B8R3,MB.A8R3,77
RB.A34,B9R3,MB.B8R3,78
RB.A34,B11R3,MB.B9R3,79
RB.A34,B11R3,MB.B10R3,80
RB.A34,B11R3,MB.B11R3,81
RB.A34,B13R3,MB.B12R3,82
RB.A34,B13R3,MB.A13R3,83
RB.A34,B13R3,MB.C13R3,84
RB.A34,B15R3,MB.B14R3,85
RB.A34,B15R3,MB.A15R3,86
RB.A34,B15R3,MB.C15R3,87
RB.A34,B17R3,MB.B16R3,88
RB.A34,B17R3,MB.A17R3,89
RB.A34,B17R3,MB.C17R3,90
RB.A34,B19R3,MB.B18R3,91
RB.A34,B19R3,MB.A19R3,92
RB.A34,B19R3,MB.C19R3,93
RB.A34,B21R3,MB.B20R3,94
RB.A34,B21R3,MB.A21R3,95
RB.A34,B21R3,MB.C21R3,96
RB.A34,B23R3,MB.B22R3,97
RB.A34,B23R3,MB.A23R3,98
RB.A34,B23R3,MB.C23R3,99
RB.A34,B25R3,MB.B24R3,100
RB.A34,B25R3,MB.A25R3,101
RB.A34,B25R3,MB.C25R3,102
RB.A34,B27R3,MB.B26R3,103
RB.A34,B27R3,MB.A27R3,104
RB.A34,B27R3,MB.C27R3,105
RB.A34,B29R3,MB.B28R3,106
RB.A34,B29R3,MB.A29R3,107
RB.A34,B29R3,MB.C29R3,108
RB.A34,B31R3,MB.B30R3,109
RB.A34,B31R3,MB.A31R3,110
RB.A34,B31R3,MB.C31R3,111
RB.A34,B33R3,MB.B32R3,112
RB.A34,B33R3,MB.A33R3,113
RB.A34,B33R3,MB.C33R3,114
RB.A34,B34L4,MB.B34R3,115
RB.A34,B34L4,MB.C34L4,116
RB.A34,B34L4,MB.A34L4,117
RB.A34,B32L4,MB.B33L4,118
RB.A34,B32L4,MB.C32L4,119
RB.A34,B32L4,MB.A32L4,120
RB.A34,B30L4,MB.B31L4,121
RB.A34,B30L4,MB.C30L4,122
RB.A34,B30L4,MB.A30L4,123
RB.A34,B28L4,MB.B29L4,124
RB.A34,B28L4,MB.C28L4,125
RB.A34,B28L4,MB.A28L4,126
RB.A34,B26L4,MB.B27L4,127
RB.A34,B26L4,MB.C26L4,128
RB.A34,B26L4,MB.A26L4,129
RB.A34,B24L4,MB.B25L4,130
RB.A34,B24L4,MB.C24L4,131
RB.A34,B24L4,MB.A24L4,132
RB.A34,B22L4,MB.B23L4,133
RB.A34,B22L4,MB.C22L4,134
RB.A34,B22L4,MB.A22L4,135
RB.A34,B20L4,MB.B21L4,136
RB.A34,B20L4,MB.C20L4,137
RB.A34,B20L4,MB.A20L4,138
RB.A34,B18L4,MB.B19L4,139
RB.A34,B18L4,MB.C18L4,140
RB.A34,B18L4,MB.A18L4,141
RB.A34,B16L4,MB.B17L4,142
RB.A34,B16L4,MB.C16L4,143
RB.A34,B16L4,MB.A16L4,144
RB.A34,B14L4,MB.B15L4,145
RB.A34,B14L4,MB.C14L4,146
RB.A34,B14L4,MB.A14L4,147
RB.A34,B12L4,MB.B13L4,148
RB.A34,B12L4,MB.C12L4,149
RB.A34,B12L4,MB.A12L4,150
RB.A34,B10L4,MB.A11L4,151
RB.A34,B10L4,MB.A10L4,152
RB.A34,B10L4,MB.A9L4,153
RB.A34,B8L4,MB.A8L4,154
RB.A45,B9R4,MB.B8R4,1
RB.A45,B11R4,MB.B9R4,2
RB.A45,B11R4,MB.B10R4,3
RB.A45,B11R4,MB.B11R4,4
RB.A45,B13R4,MB.B12R4,5
RB.A45,B13R4,MB.A13R4,6
RB.A45,B13R4,MB.C13R4,7
RB.A45,B15R4,MB.B14R4,8
RB.A45,B15R4,MB.A15R4,9
RB.A45,B15R4,MB.C15R4,10
RB.A45,B17R4,MB.B16R4,11
RB.A45,B17R4,MB.A17R4,12
RB.A45,B17R4,MB.C17R4,13
RB.A45,B19R4,MB.B18R4,14
RB.A45,B19R4,MB.A19R4,15
RB.A45,B19R4,MB.C19R4,16
RB.A45,B21R4,MB.B20R4,17
RB.A45,B21R4,MB.A21R4,18
RB.A45,B21R4,MB.C21R4,19
RB.A45,B23R4,MB.B22R4,20
RB.A45,B23R4,MB.A23R4,21
RB.A45,B23R4,MB.C23R4,22
RB.A45,B25R4,MB.B24R4,23
RB.A45,B25R4,MB.A25R4,24
RB.A45,B25R4,MB.C25R4,25
RB.A45,B27R4,MB.B26R4,26
RB.A45,B27R4,MB.A27R4,27
RB.A45,B27R4,MB.C27R4,28
RB.A45,B29R4,MB.B28R4,29
RB.A45,B29R4,MB.A29R4,30
RB.A45,B29R4,MB.C29R4,31
RB.A45,B31R4,MB.B30R4,32
RB.A45,B31R4,MB.A31R4,33
RB.A45,B31R4,MB.C31R4,34
RB.A45,B33R4,MB.B32R4,35
RB.A45,B33R4,MB.A33R4,36
RB.A45,B33R4,MB.C33R4,37
RB.A45,B34L5,MB.B34R4,38
RB.A45,B34L5,MB.C34L5,39
RB.A45,B34L5,MB.A34L5,40
RB.A45,B32L5,MB.B33L5,41
RB.A45,B32L5,MB.C32L5,42
RB.A45,B32L5,MB.A32L5,43
RB.A45,B30L5,MB.B31L5,44
RB.A45,B30L5,MB.C30L5,45
RB.A45,B30L5,MB.A30L5,46
RB.A45,B28L5,MB.B29L5,47
RB.A45,B28L5,MB.C28L5,48
RB.A45,B28L5,MB.A28L5,49
RB.A45,B26L5,MB.B27L5,50
RB.A45,B26L5,MB.C26L5,51
RB.A45,B26L5,MB.A26L5,52
RB.A45,B24L5,MB.B25L5,53
RB.A45,B24L5,MB.C24L5,54
RB.A45,B24L5,MB.A24L5,55
RB.A45,B22L5,MB.B23L5,56
RB.A45,B22L5,MB.C22L5,57
RB.A45,B22L5,MB.A22L5,58
RB.A45,B20L5,MB.B21L5,59
RB.A45,B20L5,MB.C20L5,60
RB.A45,B20L5,MB.A20L5,61
RB.A45,B18L5,MB.B19L5,62
RB.A45,B18L5,MB.C18L5,63
RB.A45,B18L5,MB.A18L5,64
RB.A45,B16L5,MB.B17L5,65
RB.A45,B16L5,MB.C16L5,66
RB.A45,B16L5,MB.A16L5,67
RB.A45,B14L5,MB.B15L5,68
RB.A45,B14L5,MB.C14L5,69
RB.A45,B14L5,MB.A14L5,70
RB.A45,B12L5,MB.B13L5,71
RB.A45,B12L5,MB.C12L5,72
RB.A45,B12L5,MB.A12L5,73
RB.A45,B10L5,MB.A11L5,74
RB.A45,B10L5,MB.A10L5,75
RB.A45,B10L5,MB.A9L5,76
RB.A45,B8L5,MB.A8L5,77
RB.A45,B9L5,MB.B8L5,78
RB.A45,B11L5,MB.B9L5,79
RB.A45,B11L5,MB.B10L5,80
RB.A45,B11L5,MB.B11L5,81
RB.A45,B13L5,MB.B12L5,82
RB.A45,B13L5,MB.A13L5,83
RB.A45,B13L5,MB.C13L5,84
RB.A45,B15L5,MB.B14L5,85
RB.A45,B15L5,MB.A15L5,86
RB.A45,B15L5,MB.C15L5,87
RB.A45,B17L5,MB.B16L5,88
RB.A45,B17L5,MB.A17L5,89
RB.A45,B17L5,MB.C17L5,90
RB.A45,B19L5,MB.B18L5,91
RB.A45,B19L5,MB.A19L5,92
RB.A45,B19L5,MB.C19L5,93
RB.A45,B21L5,MB.B20L5,94
RB.A45,B21L5,MB.A21L5,95
RB.A45,B21L5,MB.C21L5,96
RB.A45,B23L5,MB.B22L5,97
RB.A45,B23L5,MB.A23L5,98
RB.A45,B23L5,MB.C23L5,99
RB.A45,B25L5,MB.B24L5,100
RB.A45,B25L5,MB.A25L5,101
RB.A45,B25L5,MB.C25L5,102
RB.A45,B27L5,MB.B26L5,103
RB.A45,B27L5,MB.A27L5,104
RB.A45,B27L5,MB.C27L5,105
RB.A45,B29L5,MB.B28L5,106
RB.A45,B29L5,MB.A29L5,107
RB.A45,B29L5,MB.C29L5,108
RB.A45,B31L5,MB.B30L5,109
RB.A45,B31L5,MB.A31L5,110
RB.A45,B31L5,MB.C31L5,111
RB.A45,B33L5,MB.B32L5,112
RB.A45,B33L5,MB.A33L5,113
RB.A45,B33L5,MB.C33L5,114
RB.A45,B34R4,MB.B34L5,115
RB.A45,B34R4,MB.C34R4,116
RB.A45,B34R4,MB.A34R4,117
RB.A45,B32R4,MB.B33R4,118
RB.A45,B32R4,MB.C32R4,119
RB.A45,B32R4,MB.A32R4,120
RB.A45,B30R4,MB.B31R4,121
RB.A45,B30R4,MB.C30R4,122
RB.A45,B30R4,MB.A30R4,123
RB.A45,B28R4,MB.B29R4,124
RB.A45,B28R4,MB.C28R4,125
RB.A45,B28R4,MB.A28R4,126
RB.A45,B26R4,MB.B27R4,127
RB.A45,B26R4,MB.C26R4,128
RB.A45,B26R4,MB.A26R4,129
RB.A45,B24R4,MB.B25R4,130
RB.A45,B24R4,MB.C24R4,131
RB.A45,B24R4,MB.A24R4,132
RB.A45,B22R4,MB.B23R4,133
RB.A45,B22R4,MB.C22R4,134
RB.A45,B22R4,MB.A22R4,135
RB.A45,B20R4,MB.B21R4,136
RB.A45,B20R4,MB.C20R4,137
RB.A45,B20R4,MB.A20R4,138
RB.A45,B18R4,MB.B19R4,139
RB.A45,B18R4,MB.C18R4,140
RB.A45,B18R4,MB.A18R4,141
RB.A45,B16R4,MB.B17R4,142
RB.A45,B16R4,MB.C16R4,143
RB.A45,B16R4,MB.A16R4,144
RB.A45,B14R4,MB.B15R4,145
RB.A45,B14R4,MB.C14R4,146
RB.A45,B14R4,MB.A14R4,147
RB.A45,B12R4,MB.B13R4,148
RB.A45,B12R4,MB.C12R4,149
RB.A45,B12R4,MB.A12R4,150
RB.A45,B10R4,MB.A11R4,151
RB.A45,B10R4,MB.A10R4,152
RB.A45,B10R4,MB.A9R4,153
RB.A45,B8R4,MB.A8R4,154
RB.A56,B8L6,MB.A8L6,1
RB.A56,B10L6,MB.A9L6,2
RB.A56,B10L6,MB.A10L6,3
RB.A56,B10L6,MB.A11L6,4
RB.A56,B12L6,MB.A12L6,5
RB.A56,B12L6,MB.C12L6,6
RB.A56,B12L6,MB.B13L6,7
RB.A56,B14L6,MB.A14L6,8
RB.A56,B14L6,MB.C14L6,9
RB.A56,B14L6,MB.B15L6,10
RB.A56,B16L6,MB.A16L6,11
RB.A56,B16L6,MB.C16L6,12
RB.A56,B16L6,MB.B17L6,13
RB.A56,B18L6,MB.A18L6,14
RB.A56,B18L6,MB.C18L6,15
RB.A56,B18L6,MB.B19L6,16
RB.A56,B20L6,MB.A20L6,17
RB.A56,B20L6,MB.C20L6,18
RB.A56,B20L6,MB.B21L6,19
RB.A56,B22L6,MB.A22L6,20
RB.A56,B22L6,MB.C22L6,21
RB.A56,B22L6,MB.B23L6,22
RB.A56,B24L6,MB.A24L6,23
RB.A56,B24L6,MB.C24L6,24
RB.A56,B24L6,MB.B25L6,25
RB.A56,B26L6,MB.A26L6,26
RB.A56,B26L6,MB.C26L6,27
RB.A56,B26L6,MB.B27L6,28
RB.A56,B28L6,MB.A28L6,29
RB.A56,B28L6,MB.C28L6,30
RB.A56,B28L6,MB.B29L6,31
RB.A56,B30L6,MB.A30L6,32
RB.A56,B30L6,MB.C30L6,33
RB.A56,B30L6,MB.B31L6,34
RB.A56,B32L6,MB.A32L6,35
RB.A56,B32L6,MB.C32L6,36
RB.A56,B32L6,MB.B33L6,37
RB.A56,B34L6,MB.A34L6,38
RB.A56,B34L6,MB.C34L6,39
RB.A56,B34L6,MB.B34R5,40
RB.A56,B33R5,MB.C33R5,41
RB.A56,B33R5,MB.A33R5,42
RB.A56,B33R5,MB.B32R5,43
RB.A56,B31R5,MB.C31R5,44
RB.A56,B31R5,MB.A31R5,45
RB.A56,B31R5,MB.B30R5,46
RB.A56,B29R5,MB.C29R5,47
RB.A56,B29R5,MB.A29R5,48
RB.A56,B29R5,MB.B28R5,49
RB.A56,B27R5,MB.C27R5,50
RB.A56,B27R5,MB.A27R5,51
RB.A56,B27R5,MB.B26R5,52
RB.A56,B25R5,MB.C25R5,53
RB.A56,B25R5,MB.A25R5,54
RB.A56,B25R5,MB.B24R5,55
RB.A56,B23R5,MB.C23R5,56
RB.A56,B23R5,MB.A23R5,57
RB.A56,B23R5,MB.B22R5,58
RB.A56,B21R5,MB.C21R5,59
RB.A56,B21R5,MB.A21R5,60
RB.A56,B21R5,MB.B20R5,61
RB.A56,B19R5,MB.C19R5,62
RB.A56,B19R5,MB.A19R5,63
RB.A56,B19R5,MB.B18R5,64
RB.A56,B17R5,MB.C17R5,65
RB.A56,B17R5,MB.A17R5,66
RB.A56,B17R5,MB.B16R5,67
RB.A56,B15R5,MB.C15R5,68
RB.A56,B15R5,MB.A15R5,69
RB.A56,B15R5,MB.B14R5,70
RB.A56,B13R5,MB.C13R5,71
RB.A56,B13R5,MB.A13R5,72
RB.A56,B13R5,MB.B12R5,73
RB.A56,B11R5,MB.B11R5,74
RB.A56,B11R5,MB.B10R5,75
RB.A56,B11R5,MB.B9R5,76
RB.A56,B9R5,MB.B8R5,77
RB.A56,B8R5,MB.A8R5,78
RB.A56,B10R5,MB.A9R5,79
RB.A56,B10R5,MB.A10R5,80
RB.A56,B10R5,MB.A11R5,81
RB.A56,B12R5,MB.A12R5,82
RB.A56,B12R5,MB.C12R5,83
RB.A56,B12R5,MB.B13R5,84
RB.A56,B14R5,MB.A14R5,85
RB.A56,B14R5,MB.C14R5,86
RB.A56,B14R5,MB.B15R5,87
RB.A56,B16R5,MB.A16R5,88
RB.A56,B16R5,MB.C16R5,89
RB.A56,B16R5,MB.B17R5,90
RB.A56,B18R5,MB.A18R5,91
RB.A56,B18R5,MB.C18R5,92
RB.A56,B18R5,MB.B19R5,93
RB.A56,B20R5,MB.A20R5,94
RB.A56,B20R5,MB.C20R5,95
RB.A56,B20R5,MB.B21R5,96
RB.A56,B22R5,MB.A22R5,97
RB.A56,B22R5,MB.C22R5,98
RB.A56,B22R5,MB.B23R5,99
RB.A56,B24R5,MB.A24R5,100
RB.A56,B24R5,MB.C24R5,101
RB.A56,B24R5,MB.B25R5,102
RB.A56,B26R5,MB.A26R5,103
RB.A56,B26R5,MB.C26R5,104
RB.A56,B26R5,MB.B27R5,105
RB.A56,B28R5,MB.A28R5,106
RB.A56,B28R5,MB.C28R5,107
RB.A56,B28R5,MB.B29R5,108
RB.A56,B30R5,MB.A30R5,109
RB.A56,B30R5,MB.C30R5,110
RB.A56,B30R5,MB.B31R5,111
RB.A56,B32R5,MB.A32R5,112
RB.A56,B32R5,MB.C32R5,113
RB.A56,B32R5,MB.B33R5,114
RB.A56,B34R5,MB.A34R5,115
RB.A56,B34R5,MB.C34R5,116
RB.A56,B34R5,MB.B34L6,117
RB.A56,B33L6,MB.C33L6,118
RB.A56,B33L6,MB.A33L6,119
RB.A56,B33L6,MB.B32L6,120
RB.A56,B31L6,MB.C31L6,121
RB.A56,B31L6,MB.A31L6,122
RB.A56,B31L6,MB.B30L6,123
RB.A56,B29L6,MB.C29L6,124
RB.A56,B29L6,MB.A29L6,125
RB.A56,B29L6,MB.B28L6,126
RB.A56,B27L6,MB.C27L6,127
RB.A56,B27L6,MB.A27L6,128
RB.A56,B27L6,MB.B26L6,129
RB.A56,B25L6,MB.C25L6,130
RB.A56,B25L6,MB.A25L6,131
RB.A56,B25L6,MB.B24L6,132
RB.A56,B23L6,MB.C23L6,133
RB.A56,B23L6,MB.A23L6,134
RB.A56,B23L6,MB.B22L6,135
RB.A56,B21L6,MB.C21L6,136
RB.A56,B21L6,MB.A21L6,137
RB.A56,B21L6,MB.B20L6,138
RB.A56,B19L6,MB.C19L6,139
RB.A56,B19L6,MB.A19L6,140
RB.A56,B19L6,MB.B18L6,141
RB.A56,B17L6,MB.C17L6,142
RB.A56,B17L6,MB.A17L6,143
RB.A56,B17L6,MB.B16L6,144
RB.A56,B15L6,MB.C15L6,145
RB.A56,B15L6,MB.A15L6,146
RB.A56,B15L6,MB.B14L6,147
RB.A56,B13L6,MB.C13L6,148
RB.A56,B13L6,MB.A13L6,149
RB.A56,B13L6,MB.B12L6,150
RB.A56,B11L6,MB.B11L6,151
RB.A56,B11L6,MB.B10L6,152
RB.A56,B11L6,MB.B9L6,153
RB.A56,B9L6,MB.B8L6,154
RB.A67,B8R6,MB.A8R6,1
RB.A67,B10R6,MB.A9R6,2
RB.A67,B10R6,MB.A10R6,3
RB.A67,B10R6,MB.A11R6,4
RB.A67,B12R6,MB.A12R6,5
RB.A67,B12R6,MB.C12R6,6
RB.A67,B12R6,MB.B13R6,7
RB.A67,B14R6,MB.A14R6,8
RB.A67,B14R6,MB.C14R6,9
RB.A67,B14R6,MB.B15R6,10
RB.A67,B16R6,MB.A16R6,11
RB.A67,B16R6,MB.C16R6,12
RB.A67,B16R6,MB.B17R6,13
RB.A67,B18R6,MB.A18R6,14
RB.A67,B18R6,MB.C18R6,15
RB.A67,B18R6,MB.B19R6,16
RB.A67,B20R6,MB.A20R6,17
RB.A67,B20R6,MB.C20R6,18
RB.A67,B20R6,MB.B21R6,19
RB.A67,B22R6,MB.A22R6,20
RB.A67,B22R6,MB.C22R6,21
RB.A67,B22R6,MB.B23R6,22
RB.A67,B24R6,MB.A24R6,23
RB.A67,B24R6,MB.C24R6,24
RB.A67,B24R6,MB.B25R6,25
RB.A67,B26R6,MB.A26R6,26
RB.A67,B26R6,MB.C26R6,27
RB.A67,B26R6,MB.B27R6,28
RB.A67,B28R6,MB.A28R6,29
RB.A67,B28R6,MB.C28R6,30
RB.A67,B28R6,MB.B29R6,31
RB.A67,B30R6,MB.A30R6,32
RB.A67,B30R6,MB.C30R6,33
RB.A67,B30R6,MB.B31R6,34
RB.A67,B32R6,MB.A32R6,35
RB.A67,B32R6,MB.C32R6,36
RB.A67,B32R6,MB.B33R6,37
RB.A67,B34R6,MB.A34R6,38
RB.A67,B34R6,MB.C34R6,39
RB.A67,B34R6,MB.B34L7,40
RB.A67,B33L7,MB.C33L7,41
RB.A67,B33L7,MB.A33L7,42
RB.A67,B33L7,MB.B32L7,43
RB.A67,B31L7,MB.C31L7,44
RB.A67,B31L7,MB.A31L7,45
RB.A67,B31L7,MB.B30L7,46
RB.A67,B29L7,MB.C29L7,47
RB.A67,B29L7,MB.A29L7,48
RB.A67,B29L7,MB.B28L7,49
RB.A67,B27L7,MB.C27L7,50
RB.A67,B27L7,MB.A27L7,51
RB.A67,B27L7,MB.B26L7,52
RB.A67,B25L7,MB.C25L7,53
RB.A67,B25L7,MB.A25L7,54
RB.A67,B25L7,MB.B24L7,55
RB.A67,B23L7,MB.C23L7,56
RB.A67,B23L7,MB.A23L7,57
RB.A67,B23L7,MB.B22L7,58
RB.A67,B21L7,MB.C21L7,59
RB.A67,B21L7,MB.A21L7,60
RB.A67,B21L7,MB.B20L7,61
RB.A67,B19L7,MB.C19L7,62
RB.A67,B19L7,MB.A19L7,63
RB.A67,B19L7,MB.B18L7,64
RB.A67,B17L7,MB.C17L7,65
RB.A67,B17L7,MB.A17L7,66
RB.A67,B17L7,MB.B16L7,67
RB.A67,B15L7,MB.C15L7,68
RB.A67,B15L7,MB.A15L7,69
RB.A67,B15L7,MB.B14L7,70
RB.A67,B13L7,MB.C13L7,71
RB.A67,B13L7,MB.A13L7,72
RB.A67,B13L7,MB.B12L7,73
RB.A67,B11L7,MB.B11L7,74
RB.A67,B11L7,MB.B10L7,75
RB.A67,B11L7,MB.B9L7,76
RB.A67,B9L7,MB.B8L7,77
RB.A67,B8L7,MB.A8L7,78
RB.A67,B10L7,MB.A9L7,79
RB.A67,B10L7,MB.A10L7,80
RB.A67,B10L7,MB.A11L7,81
RB.A67,B12L7,MB.A12L7,82
RB.A67,B12L7,MB.C12L7,83
RB.A67,B12L7,MB.B13L7,84
RB.A67,B14L7,MB.A14L7,85
RB.A67,B14L7,MB.C14L7,86
RB.A67,B14L7,MB.B15L7,87
RB.A67,B16L7,MB.A16L7,88
RB.A67,B16L7,MB.C16L7,89
RB.A67,B16L7,MB.B17L7,90
RB.A67,B18L7,MB.A18L7,91
RB.A67,B18L7,MB.C18L7,92
RB.A67,B18L7,MB.B19L7,93
RB.A67,B20L7,MB.A20L7,94
RB.A67,B20L7,MB.C20L7,95
RB.A67,B20L7,MB.B21L7,96
RB.A67,B22L7,MB.A22L7,97
RB.A67,B22L7,MB.C22L7,98
RB.A67,B22L7,MB.B23L7,99
RB.A67,B24L7,MB.A24L7,100
RB.A67,B24L7,MB.C24L7,101
RB.A67,B24L7,MB.B25L7,102
RB.A67,B26L7,MB.A26L7,103
RB.A67,B26L7,MB.C26L7,104
RB.A67,B26L7,MB.B27L7,105
RB.A67,B28L7,MB.A28L7,106
RB.A67,B28L7,MB.C28L7,107
RB.A67,B28L7,MB.B29L7,108
RB.A67,B30L7,MB.A30L7,109
RB.A67,B30L7,MB.C30L7,110
RB.A67,B30L7,MB.B31L7,111
RB.A67,B32L7,MB.A32L7,112
RB.A67,B32L7,MB.C32L7,113
RB.A67,B32L7,MB.B33L7,114
RB.A67,B34L7,MB.A34L7,115
RB.A67,B34L7,MB.C34L7,116
RB.A67,B34L7,MB.B34R6,117
RB.A67,B33R6,MB.C33R6,118
RB.A67,B33R6,MB.A33R6,119
RB.A67,B33R6,MB.B32R6,120
RB.A67,B31R6,MB.C31R6,121
RB.A67,B31R6,MB.A31R6,122
RB.A67,B31R6,MB.B30R6,123
RB.A67,B29R6,MB.C29R6,124
RB.A67,B29R6,MB.A29R6,125
RB.A67,B29R6,MB.B28R6,126
RB.A67,B27R6,MB.C27R6,127
RB.A67,B27R6,MB.A27R6,128
RB.A67,B27R6,MB.B26R6,129
RB.A67,B25R6,MB.C25R6,130
RB.A67,B25R6,MB.A25R6,131
RB.A67,B25R6,MB.B24R6,132
RB.A67,B23R6,MB.C23R6,133
RB.A67,B23R6,MB.A23R6,134
RB.A67,B23R6,MB.B22R6,135
RB.A67,B21R6,MB.C21R6,136
RB.A67,B21R6,MB.A21R6,137
RB.A67,B21R6,MB.B20R6,138
RB.A67,B19R6,MB.C19R6,139
RB.A67,B19R6,MB.A19R6,140
RB.A67,B19R6,MB.B18R6,141
RB.A67,B17R6,MB.C17R6,142
RB.A67,B17R6,MB.A17R6,143
RB.A67,B17R6,MB.B16R6,144
RB.A67,B15R6,MB.C15R6,145
RB.A67,B15R6,MB.A15R6,146
RB.A67,B15R6,MB.B14R6,147
RB.A67,B13R6,MB.C13R6,148
RB.A67,B13R6,MB.A13R6,149
RB.A67,B13R6,MB.B12R6,150
RB.A67,B11R6,MB.B11R6,151
RB.A67,B11R6,MB.B10R6,152
RB.A67,B11R6,MB.B9R6,153
RB.A67,B9R6,MB.B8R6,154
RB.A78,B8L8,MB.A8L8,1
RB.A78,B10L8,MB.A9L8,2
RB.A78,B10L8,MB.A10L8,3
RB.A78,B10L8,MB.A11L8,4
RB.A78,B12L8,MB.A12L8,5
RB.A78,B12L8,MB.C12L8,6
RB.A78,B12L8,MB.B13L8,7
RB.A78,B14L8,MB.A14L8,8
RB.A78,B14L8,MB.C14L8,9
RB.A78,B14L8,MB.B15L8,10
RB.A78,B16L8,MB.A16L8,11
RB.A78,B16L8,MB.C16L8,12
RB.A78,B16L8,MB.B17L8,13
RB.A78,B18L8,MB.A18L8,14
RB.A78,B18L8,MB.C18L8,15
RB.A78,B18L8,MB.B19L8,16
RB.A78,B20L8,MB.A20L8,17
RB.A78,B20L8,MB.C20L8,18
RB.A78,B20L8,MB.B21L8,19
RB.A78,B22L8,MB.A22L8,20
RB.A78,B22L8,MB.C22L8,21
RB.A78,B22L8,MB.B23L8,22
RB.A78,B24L8,MB.A24L8,23
RB.A78,B24L8,MB.C24L8,24
RB.A78,B24L8,MB.B25L8,25
RB.A78,B26L8,MB.A26L8,26
RB.A78,B26L8,MB.C26L8,27
RB.A78,B26L8,MB.B27L8,28
RB.A78,B28L8,MB.A28L8,29
RB.A78,B28L8,MB.C28L8,30
RB.A78,B28L8,MB.B29L8,31
RB.A78,B30L8,MB.A30L8,32
RB.A78,B30L8,MB.C30L8,33
RB.A78,B30L8,MB.B31L8,34
RB.A78,B32L8,MB.A32L8,35
RB.A78,B32L8,MB.C32L8,36
RB.A78,B32L8,MB.B33L8,37
RB.A78,B34L8,MB.A34L8,38
RB.A78,B34L8,MB.C34L8,39
RB.A78,B34L8,MB.B34R7,40
RB.A78,B33R7,MB.C33R7,41
RB.A78,B33R7,MB.A33R7,42
RB.A78,B33R7,MB.B32R7,43
RB.A78,B31R7,MB.C31R7,44
RB.A78,B31R7,MB.A31R7,45
RB.A78,B31R7,MB.B30R7,46
RB.A78,B29R7,MB.C29R7,47
RB.A78,B29R7,MB.A29R7,48
RB.A78,B29R7,MB.B28R7,49
RB.A78,B27R7,MB.C27R7,50
RB.A78,B27R7,MB.A27R7,51
RB.A78,B27R7,MB.B26R7,52
RB.A78,B25R7,MB.C25R7,53
RB.A78,B25R7,MB.A25R7,54
RB.A78,B25R7,MB.B24R7,55
RB.A78,B23R7,MB.C23R7,56
RB.A78,B23R7,MB.A23R7,57
RB.A78,B23R7,MB.B22R7,58
RB.A78,B21R7,MB.C21R7,59
RB.A78,B21R7,MB.A21R7,60
RB.A78,B21R7,MB.B20R7,61
RB.A78,B19R7,MB.C19R7,62
RB.A78,B19R7,MB.A19R7,63
RB.A78,B19R7,MB.B18R7,64
RB.A78,B17R7,MB.C17R7,65
RB.A78,B17R7,MB.A17R7,66
RB.A78,B17R7,MB.B16R7,67
RB.A78,B15R7,MB.C15R7,68
RB.A78,B15R7,MB.A15R7,69
RB.A78,B15R7,MB.B14R7,70
RB.A78,B13R7,MB.C13R7,71
RB.A78,B13R7,MB.A13R7,72
RB.A78,B13R7,MB.B12R7,73
RB.A78,B11R7,MB.B11R7,74
RB.A78,B11R7,MB.B10R7,75
RB.A78,B11R7,MB.B9R7,76
RB.A78,B9R7,MB.B8R7,77
RB.A78,B8R7,MB.A8R7,78
RB.A78,B10R7,MB.A9R7,79
RB.A78,B10R7,MB.A10R7,80
RB.A78,B10R7,MB.A11R7,81
RB.A78,B12R7,MB.A12R7,82
RB.A78,B12R7,MB.C12R7,83
RB.A78,B12R7,MB.B13R7,84
RB.A78,B14R7,MB.A14R7,85
RB.A78,B14R7,MB.C14R7,86
RB.A78,B14R7,MB.B15R7,87
RB.A78,B16R7,MB.A16R7,88
RB.A78,B16R7,MB.C16R7,89
RB.A78,B16R7,MB.B17R7,90
RB.A78,B18R7,MB.A18R7,91
RB.A78,B18R7,MB.C18R7,92
RB.A78,B18R7,MB.B19R7,93
RB.A78,B20R7,MB.A20R7,94
RB.A78,B20R7,MB.C20R7,95
RB.A78,B20R7,MB.B21R7,96
RB.A78,B22R7,MB.A22R7,97
RB.A78,B22R7,MB.C22R7,98
RB.A78,B22R7,MB.B23R7,99
RB.A78,B24R7,MB.A24R7,100
RB.A78,B24R7,MB.C24R7,101
RB.A78,B24R7,MB.B25R7,102
RB.A78,B26R7,MB.A26R7,103
RB.A78,B26R7,MB.C26R7,104
RB.A78,B26R7,MB.B27R7,105
RB.A78,B28R7,MB.A28R7,106
RB.A78,B28R7,MB.C28R7,107
RB.A78,B28R7,MB.B29R7,108
RB.A78,B30R7,MB.A30R7,109
RB.A78,B30R7,MB.C30R7,110
RB.A78,B30R7,MB.B31R7,111
RB.A78,B32R7,MB.A32R7,112
RB.A78,B32R7,MB.C32R7,113
RB.A78,B32R7,MB.B33R7,114
RB.A78,B34R7,MB.A34R7,115
RB.A78,B34R7,MB.C34R7,116
RB.A78,B34R7,MB.B34L8,117
RB.A78,B33L8,MB.C33L8,118
RB.A78,B33L8,MB.A33L8,119
RB.A78,B33L8,MB.B32L8,120
RB.A78,B31L8,MB.C31L8,121
RB.A78,B31L8,MB.A31L8,122
RB.A78,B31L8,MB.B30L8,123
RB.A78,B29L8,MB.C29L8,124
RB.A78,B29L8,MB.A29L8,125
RB.A78,B29L8,MB.B28L8,126
RB.A78,B27L8,MB.C27L8,127
RB.A78,B27L8,MB.A27L8,128
RB.A78,B27L8,MB.B26L8,129
RB.A78,B25L8,MB.C25L8,130
RB.A78,B25L8,MB.A25L8,131
RB.A78,B25L8,MB.B24L8,132
RB.A78,B23L8,MB.C23L8,133
RB.A78,B23L8,MB.A23L8,134
RB.A78,B23L8,MB.B22L8,135
RB.A78,B21L8,MB.C21L8,136
RB.A78,B21L8,MB.A21L8,137
RB.A78,B21L8,MB.B20L8,138
RB.A78,B19L8,MB.C19L8,139
RB.A78,B19L8,MB.A19L8,140
RB.A78,B19L8,MB.B18L8,141
RB.A78,B17L8,MB.C17L8,142
RB.A78,B17L8,MB.A17L8,143
RB.A78,B17L8,MB.B16L8,144
RB.A78,B15L8,MB.C15L8,145
RB.A78,B15L8,MB.A15L8,146
RB.A78,B15L8,MB.B14L8,147
RB.A78,B13L8,MB.C13L8,148
RB.A78,B13L8,MB.A13L8,149
RB.A78,B13L8,MB.B12L8,150
RB.A78,B11L8,MB.B11L8,151
RB.A78,B11L8,MB.B10L8,152
RB.A78,B11L8,MB.B9L8,153
RB.A78,B9L8,MB.B8L8,154
RB.A81,B9R8,MB.B8R8,1
RB.A81,B11R8,MB.B9R8,2
RB.A81,B11R8,MB.B10R8,3
RB.A81,B11R8,MB.B11R8,4
RB.A81,B13R8,MB.B12R8,5
RB.A81,B13R8,MB.A13R8,6
RB.A81,B13R8,MB.C13R8,7
RB.A81,B15R8,MB.B14R8,8
RB.A81,B15R8,MB.A15R8,9
RB.A81,B15R8,MB.C15R8,10
RB.A81,B17R8,MB.B16R8,11
RB.A81,B17R8,MB.A17R8,12
RB.A81,B17R8,MB.C17R8,13
RB.A81,B19R8,MB.B18R8,14
RB.A81,B19R8,MB.A19R8,15
RB.A81,B19R8,MB.C19R8,16
RB.A81,B21R8,MB.B20R8,17
RB.A81,B21R8,MB.A21R8,18
RB.A81,B21R8,MB.C21R8,19
RB.A81,B23R8,MB.B22R8,20
RB.A81,B23R8,MB.A23R8,21
RB.A81,B23R8,MB.C23R8,22
RB.A81,B25R8,MB.B24R8,23
RB.A81,B25R8,MB.A25R8,24
RB.A81,B25R8,MB.C25R8,25
RB.A81,B27R8,MB.B26R8,26
RB.A81,B27R8,MB.A27R8,27
RB.A81,B27R8,MB.C27R8,28
RB.A81,B29R8,MB.B28R8,29
RB.A81,B29R8,MB.A29R8,30
RB.A81,B29R8,MB.C29R8,31
RB.A81,B31R8,MB.B30R8,32
RB.A81,B31R8,MB.A31R8,33
RB.A81,B31R8,MB.C31R8,34
RB.A81,B33R8,MB.B32R8,35
RB.A81,B33R8,MB.A33R8,36
RB.A81,B33R8,MB.C33R8,37
RB.A81,B34L1,MB.B34R8,38
RB.A81,B34L1,MB.C34L1,39
RB.A81,B34L1,MB.A34L1,40
RB.A81,B32L1,MB.B33L1,41
RB.A81,B32L1,MB.C32L1,42
RB.A81,B32L1,MB.A32L1,43
RB.A81,B30L1,MB.B31L1,44
RB.A81,B30L1,MB.C30L1,45
RB.A81,B30L1,MB.A30L1,46
RB.A81,B28L1,MB.B29L1,47
RB.A81,B28L1,MB.C28L1,48
RB.A81,B28L1,MB.A28L1,49
RB.A81,B26L1,MB.B27L1,50
RB.A81,B26L1,MB.C26L1,51
RB.A81,B26L1,MB.A26L1,52
RB.A81,B24L1,MB.B25L1,53
RB.A81,B24L1,MB.C24L1,54
RB.A81,B24L1,MB.A24L1,55
RB.A81,B22L1,MB.B23L1,56
RB.A81,B22L1,MB.C22L1,57
RB.A81,B22L1,MB.A22L1,58
RB.A81,B20L1,MB.B21L1,59
RB.A81,B20L1,MB.C20L1,60
RB.A81,B20L1,MB.A20L1,61
RB.A81,B18L1,MB.B19L1,62
RB.A81,B18L1,MB.C18L1,63
RB.A81,B18L1,MB.A18L1,64
RB.A81,B16L1,MB.B17L1,65
RB.A81,B16L1,MB.C16L1,66
RB.A81,B16L1,MB.A16L1,67
RB.A81,B14L1,MB.B15L1,68
RB.A81,B14L1,MB.C14L1,69
RB.A81,B14L1,MB.A14L1,70
RB.A81,B12L1,MB.B13L1,71
RB.A81,B12L1,MB.C12L1,72
RB.A81,B12L1,MB.A12L1,73
RB.A81,B10L1,MB.A11L1,74
RB.A81,B10L1,MB.A10L1,75
RB.A81,B10L1,MB.A9L1,76
RB.A81,B8L1,MB.A8L1,77
RB.A81,B9L1,MB.B8L1,78
RB.A81,B11L1,MB.B9L1,79
RB.A81,B11L1,MB.B10L1,80
RB.A81,B11L1,MB.B11L1,81
RB.A81,B13L1,MB.B12L1,82
RB.A81,B13L1,MB.A13L1,83
RB.A81,B13L1,MB.C13L1,84
RB.A81,B15L1,MB.B14L1,85
RB.A81,B15L1,MB.A15L1,86
RB.A81,B15L1,MB.C15L1,87
RB.A81,B17L1,MB.B16L1,88
RB.A81,B17L1,MB.A17L1,89
RB.A81,B17L1,MB.C17L1,90
RB.A81,B19L1,MB.B18L1,91
RB.A81,B19L1,MB.A19L1,92
RB.A81,B19L1,MB.C19L1,93
RB.A81,B21L1,MB.B20L1,94
RB.A81,B21L1,MB.A21L1,95
RB.A81,B21L1,MB.C21L1,96
RB.A81,B23L1,MB.B22L1,97
RB.A81,B23L1,MB.A23L1,98
RB.A81,B23L1,MB.C23L1,99
RB.A81,B25L1,MB.B24L1,100
RB.A81,B25L1,MB.A25L1,101
RB.A81,B25L1,MB.C25L1,102
RB.A81,B27L1,MB.B26L1,103
RB.A81,B27L1,MB.A27L1,104
RB.A81,B27L1,MB.C27L1,105
RB.A81,B29L1,MB.B28L1,106
RB.A81,B29L1,MB.A29L1,107
RB.A81,B29L1,MB.C29L1,108
RB.A81,B31L1,MB.B30L1,109
RB.A81,B31L1,MB.A31L1,110
RB.A81,B31L1,MB.C31L1,111
RB.A81,B33L1,MB.B32L1,112
RB.A81,B33L1,MB.A33L1,113
RB.A81,B33L1,MB.C33L1,114
RB.A81,B34R8,MB.B34L1,115
RB.A81,B34R8,MB.C34R8,116
RB.A81,B34R8,MB.A34R8,117
RB.A81,B32R8,MB.B33R8,118
RB.A81,B32R8,MB.C32R8,119
RB.A81,B32R8,MB.A32R8,120
RB.A81,B30R8,MB.B31R8,121
RB.A81,B30R8,MB.C30R8,122
RB.A81,B30R8,MB.A30R8,123
RB.A81,B28R8,MB.B29R8,124
RB.A81,B28R8,MB.C28R8,125
RB.A81,B28R8,MB.A28R8,126
RB.A81,B26R8,MB.B27R8,127
RB.A81,B26R8,MB.C26R8,128
RB.A81,B26R8,MB.A26R8,129
RB.A81,B24R8,MB.B25R8,130
RB.A81,B24R8,MB.C24R8,131
RB.A81,B24R8,MB.A24R8,132
RB.A81,B22R8,MB.B23R8,133
RB.A81,B22R8,MB.C22R8,134
RB.A81,B22R8,MB.A22R8,135
RB.A81,B20R8,MB.B21R8,136
RB.A81,B20R8,MB.C20R8,137
RB.A81,B20R8,MB.A20R8,138
RB.A81,B18R8,MB.B19R8,139
RB.A81,B18R8,MB.C18R8,140
RB.A81,B18R8,MB.A18R8,141
RB.A81,B16R8,MB.B17R8,142
RB.A81,B16R8,MB.C16R8,143
RB.A81,B16R8,MB.A16R8,144
RB.A81,B14R8,MB.B15R8,145
RB.A81,B14R8,MB.C14R8,146
RB.A81,B14R8,MB.A14R8,147
RB.A81,B12R8,MB.B13R8,148
RB.A81,B12R8,MB.C12R8,149
RB.A81,B12R8,MB.A12R8,150
RB.A81,B10R8,MB.A11R8,151
RB.A81,B10R8,MB.A10R8,152
RB.A81,B10R8,MB.A9R8,153
RB.A81,B8R8,MB.A8R8,154
